"atomic_number","symbol","name","family","period","atomic_mass","density","melting_point","boiling_point","thermal_capacity","electronegativity","discovery_year","discoverers","electronic_configuration","electronic_configuration_small","name_spanish"
1,H,HYDROGEN,1,1,1008.0,0.00008988,-259.14,-252.87,14304.0,2.2,1766,HENRY CAVENDISH,"1s1","1s1",HIDROGENO
2,HE,HELIUM,18,1,4.002602,0.0001785,-272.2,-268.93,5193.0,,1895,RAMSAY Y CLEVE,"1s2","1s2",HELIO
3,LI,LITHIUM,1,2,6.94,534.0,180.54,1286.85,3582.0,0.98,1817,ARFWEDSON,"1s2 2s1",[HE] 2s1,LITIO
4,BE,NERYLLIUM,2,2,9.0121831,1.85,1286.85,2468.85,1825.0,1.57,1797,VAUQUELIN,"1s2 2s2",[HE] 2s2,BERILIO
5,B,BORON,13,2,10.81,2.34,2075.85,3926.85,1026.0,2.04,1808,DAVY Y GAY-LUSSAC,"1s2 2s2 2p1",[HE] 2s2 2p1,BORO
6,C,CARBON,14,2,12011.0,2267.0,3526.85,4026.85,709.0,2.55,0,DESCONOCIDO,"1s2 2s2 2p2",[HE] 2s2 2p2,CARBONO
7,N,NITROGEN,15,2,14007.0,0.0012506,-210.0,-195.79,1.04,3.04,1772,RUTHERFORD,"1s2 2s2 2p3",[HE] 2s2 2p3,NITROGENO
8,O,OXYGEN,16,2,15999.0,0.001429,-218.79,-182.95,918.0,3.44,1774,PRIESTLY Y SCHEELE,"1s2 2s2 2p4",[HE] 2s2 2p4,OXIGENO
9,F,FLUORINE,17,2,18.998403163,0.001696,-219.62,-188.12,824.0,3.98,1886,MOISSAN,"1s2 2s2 2p5",[HE] 2s2 2p5,FLUOR
10,NE,NEON,18,2,20.1797,0.0008999,-248.59,-246.08,1.03,,1898,RAMSAY Y TRAVERS,"1s2 2s2 2p6",[HE] 2s2 2p6,NEON
11,NA,SODIUM,1,3,22.98976928,971.0,97.72,882.85,1228.0,0.93,1807,DAVY,"1s2 2s2 2p6 3s1",[NE] 3s1,SODIO
12,MG,MAGNESIUM,2,3,24305.0,1738.0,649.85,1089.85,1023.0,1.31,1755,BLACK,"1s2 2s2 2p6 3s2",[NE] 3s2,MAGNESIO
13,AL,ALUMINIUM,13,3,26.9815385,2698.0,660.32,2518.85,897.0,1.61,1825,OERSTED,"1s2 2s2 2p6 3s2 3p1",[NE] 3s2 3p1,ALUMINIO
14,SI,SILICON,14,3,28085.0,2.3296,1413.85,3264.85,705.0,1.9,1824,BERZELIUS,"1s2 2s2 2p6 3s2 3p2",[NE] 3s2 3p2,SILICIO
15,P,PHOSPHORUS,15,3,30.973761998,1.82,44.15,276.85,769.0,2.19,1669,BRAND,"1s2 2s2 2p6 3s2 3p3",[NE] 3s2 3p3,FOSFORO
16,S,SULFUR,16,3,32.06,2067.0,115.21,444.72,0.71,2.58,0,DESCONOCIDO,"1s2 2s2 2p6 3s2 3p4",[NE] 3s2 3p4,AZUFRE
17,CL,CHLORINE,17,3,35.45,0.003214,-101.55,-34.04,479.0,3.16,1774,SCHEELE,"1s2 2s2 2p6 3s2 3p5",[NE] 3s2 3p5,CLORO
18,AR,ARGON,18,3,39948.0,0.0017837,-189.35,-185.85,0.52,,1894,RAMSAY Y RAYLEIGH,"1s2 2s2 2p6 3s2 3p6",[NE] 3s2 3p6,ARGON
19,K,POTASSIUM,1,4,39.0983,862.0,63.38,758.85,757.0,0.82,1807,DAVY,"1s2 2s2 2p6 3s2 3p6 4s1",[AR] 4s1,POTASIO
20,CA,CALCIUM,2,4,40078.0,1.54,841.85,1483.85,647.0,1.0,1808,DAVY,"1s2 2s2 2p6 3s2 3p6 4s2",[AR] 4s2,CALCIO
21,SC,SCANDIUM,3,4,44.955908,2989.0,1540.85,2835.85,568.0,1.36,1879,NILSON,"1s2 2s2 2p6 3s2 3p6 4s2 3d1",[AR] 4s2 3d1,ESCANDIO
22,TI,TITANIUM,4,4,47867.0,4.54,1667.85,3286.85,523.0,1.54,1791,GREGOR Y KLAPROTH,"1s2 2s2 2p6 3s2 3p6 4s2 3d2",[AR] 4s2 3d2,TITANIO
23,V,VANADIUM,5,4,50.9415,6.11,1909.85,3406.85,489.0,1.63,1801,DEL RIO,"1s2 2s2 2p6 3s2 3p6 4s2 3d3",[AR] 4s2 3d3,VANADIO
24,CR,CHROMIUM,6,4,51.9961,7.15,1906.85,2670.85,449.0,1.66,1797,VAUQUELIN,"1s2 2s2 2p6 3s2 3p6 4s1 3d5",[AR] 4s1 3d5,CROMO
25,MN,MANGANESE,7,4,54.938044,7.44,1245.85,2060.85,479.0,1.55,1774,GAHN,"1s2 2s2 2p6 3s2 3p6 4s2 3d5",[AR] 4s2 3d5,MANGANESO
26,FE,IRON,8,4,55845.0,7874.0,1537.85,2860.85,449.0,1.83,0,DESCONOCIDO,"1s2 2s2 2p6 3s2 3p6 4s2 3d6",[AR] 4s2 3d6,HIERRO
27,CO,COBALT,9,4,58.933194,8.86,,2926.85,421.0,1.88,1735,BRANDT,"1s2 2s2 2p6 3s2 3p6 4s2 3d7",[AR] 4s2 3d7,COBALTO
28,NI,NICKEL,10,4,58.6934,8912.0,1454.85,2912.85,444.0,1.91,1751,CRONSTEDT,"1s2 2s2 2p6 3s2 3p6 4s2 3d8",[AR] 4s2 3d8,NIQUEL
29,CU,COPPER,11,4,63546.0,8.96,1084.62,2561.85,385.0,1.9,0,DESCONOCIDO,"1s2 2s2 2p6 3s2 3p6 4s1 3d10",[AR] 4s1 3d10,COBRE
30,ZN,ZINC,12,4,65.38,7134.0,419.73,906.85,388.0,1.65,0,PARACELSO,"1s2 2s2 2p6 3s2 3p6 4s2 3d10",[AR] 4s2 3d10,ZINC
31,GA,GALLIUM,13,4,69723.0,5907.0,29.7646,2203.85,371.0,1.81,1875,LECOQ DE BOISBAUDRAN,"1s2 2s2 2p6 3s2 3p6 4s2 3d10 4p1",[AR] 4s2 3d10 4p1,GALIO
32,GE,GERMANIUM,14,4,72630.0,5323.0,938.25,2832.85,0.32,2.01,1886,WINKLER,"1s2 2s2 2p6 3s2 3p6 4s2 3d10 4p2",[AR] 4s2 3d10 4p2,GERMANIO
33,AS,ARSENIC,15,4,74.921595,5776.0,816.85,613.85,329.0,2.18,1250,ALBERTUS MAGNUS,"1s2 2s2 2p6 3s2 3p6 4s2 3d10 4p3",[AR] 4s2 3d10 4p3,ARSENICO
34,SE,SELENIUM,16,4,78971.0,4809.0,179.85,684.85,321.0,2.55,1817,BERZELIUS,"1s2 2s2 2p6 3s2 3p6 4s2 3d10 4p4",[AR] 4s2 3d10 4p4,SELENIO
35,BR,BROMINE,17,4,79904.0,3122.0,-7.35001,58.85,474.0,2.96,1826,BALARD,"1s2 2s2 2p6 3s2 3p6 4s2 3d10 4p5",[AR] 4s2 3d10 4p5,BROMO
36,KR,KRYPTON,18,4,83798.0,0.003733,-157.36,-153.22,248.0,3.0,1898,RAMSAY Y TRAVERS,"1s2 2s2 2p6 3s2 3p6 4s2 3d10 4p6",[AR] 4s2 3d10 4p6,KRIPTON
37,RB,RUBIDIUM,1,5,85.4678,1532.0,39.31,687.85,363.0,0.82,1861,BUNSEN Y KIRCHHOFF,"1s2 2s2 2p6 3s2 3p6 4s2 3d10 4p6 5s1",[KR] 5s1,RUBIDIO
38,SR,STRONTIUM,2,5,87.62,2.64,776.85,1381.85,301.0,0.95,1790,CRAWFORD,"1s2 2s2 2p6 3s2 3p6 4s2 3d10 4p6 5s2",[KR] 5s2,ESTRONCIO
39,Y,YTTRIUM,3,5,88.90584,4469.0,1525.85,3335.85,298.0,1.22,1794,GADOLIN,"1s2 2s2 2p6 3s2 3p6 4s2 3d10 4p6 5s2 4d1",[KR] 5s2 4d1,YTRIO
40,ZR,ZIRCONIUM,4,5,91224.0,6506.0,1854.85,4408.85,278.0,1.33,1789,KLAPROTH,"1s2 2s2 2p6 3s2 3p6 4s2 3d10 4p6 5s2 4d2",[KR] 5s2 4d2,ZIRCONIO
41,NB,NIOBIUM,5,5,92.90637,8.57,2476.85,4743.85,265.0,1.6,1801,HATCHETT,"1s2 2s2 2p6 3s2 3p6 4s2 3d10 4p6 5s1 4d4",[KR] 5s1 4d4,NIOBIO
42,MO,MOLYBDENUM,6,5,95.95,10.22,2622.85,4638.85,251.0,2.16,1778,SCHEELE,"1s2 2s2 2p6 3s2 3p6 4s2 3d10 4p6 5s1 4d5",[KR] 5s1 4d5,MOLIBDENO
43,TC,TECHNETIUM,7,5,98.0,11.5,2156.85,4264.85,,1.9,1937,PERRIER Y SEGRE,"1s2 2s2 2p6 3s2 3p6 4s2 3d10 4p6 5s2 4d5",[KR] 5s2 4d5,TECNECIO
44,RU,RUTHENIUM,8,5,101.07,12.37,2333.85,4149.85,238.0,2.2,1844,KLAUS,"1s2 2s2 2p6 3s2 3p6 4s2 3d10 4p6 5s1 4d7",[KR] 5s1 4d7,RUTENIO
45,RH,RHODIUM,9,5,102.9055,12.41,1963.85,3694.85,243.0,2.28,1803,WOLLASTON,"1s2 2s2 2p6 3s2 3p6 4s2 3d10 4p6 5s1 4d8",[KR] 5s1 4d8,RODIO
46,PD,PALLADIUM,10,5,106.42,12.02,1554.9,2962.85,244.0,2.2,1803,WOLLASTON,"1s2 2s2 2p6 3s2 3p6 4s2 3d10 4p6 4d10",[KR] 4d10,PALADIO
47,AG,SILVER,11,5,107.8682,10501.0,961.78,2161.85,235.0,1.93,0,DESCONOCIDO,"1s2 2s2 2p6 3s2 3p6 4s2 3d10 4p6 5s1 4d10",[KR] 5s1 4d10,PLATA
48,CD,CADMIUM,12,5,112414.0,8.69,321.07,766.85,232.0,1.69,1817,STROHMEYER Y HERMANN,"1s2 2s2 2p6 3s2 3p6 4s2 3d10 4p6 5s2 4d10",[KR] 5s2 4d10,CADMIO
49,IN,INDIUM,13,5,114818.0,7.31,156.6,2071.85,233.0,1.78,1863,REICH Y RICHTER,"1s2 2s2 2p6 3s2 3p6 4s2 3d10 4p6 5s2 4d10 5p1",[KR] 5s2 4d10 5p1,INDIO
50,SN,TIN,14,5,118710.0,7287.0,231.93,2601.85,228.0,1.96,0,DESCONOCIDO,"1s2 2s2 2p6 3s2 3p6 4s2 3d10 4p6 5s2 4d10 5p2",[KR] 5s2 4d10 5p2,ESTANO
51,SB,ANTIMONY,15,5,121760.0,6685.0,630.63,1586.85,207.0,2.05,0,DESCONOCIDO,"1s2 2s2 2p6 3s2 3p6 4s2 3d10 4p6 5s2 4d10 5p3",[KR] 5s2 4d10 5p3,ANTIMONIO
52,TE,TELLURIUM,16,5,127.6,6232.0,449.51,987.85,202.0,2.1,1782,VON REICHENSTEIN,"1s2 2s2 2p6 3s2 3p6 4s2 3d10 4p6 5s2 4d10 5p4",[KR] 5s2 4d10 5p4,TELURIO
53,I,IODINE,17,5,126.90447,4.93,113.7,184.25,214.0,2.66,1811,COURTOIS,"1s2 2s2 2p6 3s2 3p6 4s2 3d10 4p6 5s2 4d10 5p5",[KR] 5s2 4d10 5p5,YODO
54,XE,XENON,18,5,131293.0,0.005887,-111.75,-108.12,158.0,2.6,1898,RAMSAY Y TRAVERS,"1s2 2s2 2p6 3s2 3p6 4s2 3d10 4p6 5s2 4d10 5p6",[KR] 5s2 4d10 5p6,XENON
55,CS,CAESIUM,1,6,132.90545196,1873.0,28.44,670.85,242.0,0.79,1860,KIRCHHOFF Y BUNSEN,"1s2 2s2 2p6 3s2 3p6 4s2 3d10 4p6 5s2 4d10 5p6 6s1",[XE] 6s1,CESIO
56,BA,BARIUM,2,6,137327.0,3594.0,726.85,1896.85,204.0,0.89,1808,DAVY,"1s2 2s2 2p6 3s2 3p6 4s2 3d10 4p6 5s2 4d10 5p6 6s2",[XE] 6s2,BARIO
57,LA,LANTHANUM,,6,138.90547,6145.0,919.85,3463.85,195.0,1.1,1839,MOSANDER,"1s2 2s2 2p6 3s2 3p6 4s2 3d10 4p6 5s2 4d10 5p6 6s2 5d1",[XE] 6s2 5d1,LANTANO
58,CE,CERIUM,,6,140.11,6.77,794.85,3442.85,192.0,1.12,1803,W. HISINGER Y BERZELIUS,"1s2 2s2 2p6 3s2 3p6 4s2 3d10 4p6 5s2 4d10 5p6 6s2 4f1 5d1",[XE] 6s2 4f1 5d1,CERIO
59,PR,PRASEODYMIUM,,6,140.90766,6773.0,934.85,3519.85,193.0,1.13,1895,VON WELSBACH,"1s2 2s2 2p6 3s2 3p6 4s2 3d10 4p6 5s2 4d10 5p6 6s2 4f3",[XE] 6s2 4f3,PRASEODIMIO
60,ND,NEODYMIUM,,6,144242.0,7007.0,1023.85,3073.85,0.19,1.14,1895,VON WELSBACH,"1s2 2s2 2p6 3s2 3p6 4s2 3d10 4p6 5s2 4d10 5p6 6s2 4f4",[XE] 6s2 4f4,NEODIMIO
61,PM,PROMETHIUM,,6,145.0,7.26,1041.85,2999.85,,1.13,1945,MARINSKY Y GLENDENIN,"1s2 2s2 2p6 3s2 3p6 4s2 3d10 4p6 5s2 4d10 5p6 6s2 4f5",[XE] 6s2 4f5,PROMETIO
62,SM,SAMARIUM,,6,150.36,7.52,1071.85,1793.85,197.0,1.17,1879,LECOQ DE BOISBAUDRAN,"1s2 2s2 2p6 3s2 3p6 4s2 3d10 4p6 5s2 4d10 5p6 6s2 4f6",[XE] 6s2 4f6,SAMARIO
63,EU,EUROPIUM,,6,151964.0,5243.0,825.85,1528.85,182.0,1.2,1901,DEMARCAY,"1s2 2s2 2p6 3s2 3p6 4s2 3d10 4p6 5s2 4d10 5p6 6s2 4f7",[XE] 6s2 4f7,EUROPIO
64,GD,GADOLINIUM,,6,157.25,7895.0,1311.85,3272.85,236.0,1.2,1880,DE MARIGNAC,"1s2 2s2 2p6 3s2 3p6 4s2 3d10 4p6 5s2 4d10 5p6 6s2 4f7 5d1",[XE] 6s2 4f7 5d1,GADOLINIO
65,TB,TERBIUM,,6,158.92535,8229.0,1355.85,3229.85,182.0,1.2,1843,MOSANDER,"1s2 2s2 2p6 3s2 3p6 4s2 3d10 4p6 5s2 4d10 5p6 6s2 4f9",[XE] 6s2 4f9,TERBIO
66,DY,DYSPROSIUM,,6,162500.0,8.55,1406.85,2566.85,0.17,1.22,1886,LECOQ DE BOISBAUDRAN,"1s2 2s2 2p6 3s2 3p6 4s2 3d10 4p6 5s2 4d10 5p6 6s2 4f10",[XE] 6s2 4f10,DISPROSIO
67,HO,HOLMIUM,,6,164.93033,8795.0,1460.85,2719.85,165.0,1.23,1878,SORET,"1s2 2s2 2p6 3s2 3p6 4s2 3d10 4p6 5s2 4d10 5p6 6s2 4f11",[XE] 6s2 4f11,HOLMIO
68,ER,ERBIUM,,6,167259.0,9066.0,1528.85,2867.85,168.0,1.24,1842,MOSANDER,"1s2 2s2 2p6 3s2 3p6 4s2 3d10 4p6 5s2 4d10 5p6 6s2 4f12",[XE] 6s2 4f12,ERBIO
69,TM,THULUIM,,6,168.93422,9321.0,1544.85,1949.85,0.16,1.25,1879,CLEVE,"1s2 2s2 2p6 3s2 3p6 4s2 3d10 4p6 5s2 4d10 5p6 6s2 4f13",[XE] 6s2 4f13,TULIO
70,YB,YTTERBIUM,,6,173045.0,6965.0,823.85,1195.85,155.0,1.1,1878,DE MARIGNAC,"1s2 2s2 2p6 3s2 3p6 4s2 3d10 4p6 5s2 4d10 5p6 6s2 4f14",[XE] 6s2 4f14,YTERBIO
71,LU,LUTETIUM,3,6,174.9668,9.84,1651.85,3401.85,154.0,1.27,1907,URBAIN,"1s2 2s2 2p6 3s2 3p6 4s2 3d10 4p6 5s2 4d10 5p6 6s2 4f14 5d1",[XE] 6s2 4f14 5d1,LUTECIO
72,HF,HAFNIUM,4,6,178.49,13.31,2232.85,4602.85,144.0,1.3,1923,COSTER Y DE HEVESY,"1s2 2s2 2p6 3s2 3p6 4s2 3d10 4p6 5s2 4d10 5p6 6s2 4f14 5d2",[XE] 6s2 4f14 5d2,HAFNIO
73,TA,TANTALUM,5,6,180.94788,16654.0,3016.85,5457.85,0.14,1.5,1802,EKEBERG,"1s2 2s2 2p6 3s2 3p6 4s2 3d10 4p6 5s2 4d10 5p6 6s2 4f14 5d3",[XE] 6s2 4f14 5d3,TANTALIO
74,W,TUNGSTEN,6,6,183.84,19.25,3421.85,5554.85,132.0,2.36,1783,ELHUYAR,"1s2 2s2 2p6 3s2 3p6 4s2 3d10 4p6 5s2 4d10 5p6 6s2 4f14 5d4",[XE] 6s2 4f14 5d4,TUNGSTENO
75,RE,RHENIUM,7,6,186207.0,21.02,3185.85,5595.85,137.0,1.9,1925,"NODDACK, TACKE Y BERG","1s2 2s2 2p6 3s2 3p6 4s2 3d10 4p6 5s2 4d10 5p6 6s2 4f14 5d5",[XE] 6s2 4f14 5d5,RENIO
76,OS,OSMIUM,8,6,190.23,22.61,3032.85,5011.85,0.13,2.2,1803,TENNANT,"1s2 2s2 2p6 3s2 3p6 4s2 3d10 4p6 5s2 4d10 5p6 6s2 4f14 5d6",[XE] 6s2 4f14 5d6,OSMIO
77,IR,IRIDIUM,9,6,192217.0,22.56,2445.85,4427.85,131.0,2.2,1803,TENNANT,"1s2 2s2 2p6 3s2 3p6 4s2 3d10 4p6 5s2 4d10 5p6 6s2 4f14 5d7",[XE] 6s2 4f14 5d7,IRIDIO
78,PT,PLATINUM,10,6,195084.0,21.46,1768.25,3824.85,133.0,2.28,1735,DE ULLOA,"1s2 2s2 2p6 3s2 3p6 4s2 3d10 4p6 5s2 4d10 5p6 6s1 4f14 5d9",[XE] 6s1 4f14 5d9,PLATINO
79,AU,GOLD,11,6,196.966569,19282.0,1064.18,2855.85,129.0,2.54,0,DESCONOCIDO,"1s2 2s2 2p6 3s2 3p6 4s2 3d10 4p6 5s2 4d10 5p6 6s1 4f14 5d10",[XE] 6s1 4f14 5d10,ORO
80,HG,MERCURY,12,6,200592.0,13.5336,-38.72,356.73,0.14,2.0,0,DESCONOCIDO,"1s2 2s2 2p6 3s2 3p6 4s2 3d10 4p6 5s2 4d10 5p6 6s2 4f14 5d10",[XE] 6s2 4f14 5d10,MERCURIO
81,TL,THALLIUM,13,6,204.38,11.85,303.85,1472.85,129.0,1.62,1861,CROOKES,"1s2 2s2 2p6 3s2 3p6 4s2 3d10 4p6 5s2 4d10 5p6 6s2 4f14 5d10 6p1",[XE] 6s2 4f14 5d10 6p1,TALIO
82,PB,LEAD,14,6,207.2,11342.0,327.46,1748.85,129.0,1.87,0,DESCONOCIDO,"1s2 2s2 2p6 3s2 3p6 4s2 3d10 4p6 5s2 4d10 5p6 6s2 4f14 5d10 6p2",[XE] 6s2 4f14 5d10 6p2,PLOMO
83,BI,BISMUTH,15,6,208.9804,9807.0,271.55,1563.85,122.0,2.02,1753,GEOFFROY,"1s2 2s2 2p6 3s2 3p6 4s2 3d10 4p6 5s2 4d10 5p6 6s2 4f14 5d10 6p3",[XE] 6s2 4f14 5d10 6p3,BISMUTO
84,PO,POLONIUM,16,6,209.0,9.32,253.85,961.85,,2.0,1898,MARIE Y PIERRE CURIE,"1s2 2s2 2p6 3s2 3p6 4s2 3d10 4p6 5s2 4d10 5p6 6s2 4f14 5d10 6p4",[XE] 6s2 4f14 5d10 6p4,POLONIO
85,AT,ASTATINE,17,6,210.0,7.0,301.85,336.85,,2.2,1940,CORSON Y MACKENZIE,"1s2 2s2 2p6 3s2 3p6 4s2 3d10 4p6 5s2 4d10 5p6 6s2 4f14 5d10 6p5",[XE] 6s2 4f14 5d10 6p5,ASTATO
86,RN,RADON,18,6,222.0,0.00973,-71.15,-61.85,94.0,2.2,1900,DORN,"1s2 2s2 2p6 3s2 3p6 4s2 3d10 4p6 5s2 4d10 5p6 6s2 4f14 5d10 6p6",[XE] 6s2 4f14 5d10 6p6,RADON
87,FR,FRANCIUM,1,7,223.0,1.87,26.85,676.85,,0.7,1939,PEREY,"1s2 2s2 2p6 3s2 3p6 4s2 3d10 4p6 5s2 4d10 5p6 6s2 4f14 5d10 6p6 7s1",[RN] 7s1,FRANCIO
88,RA,RADIUM,2,7,226.0,5.5,699.85,1736.85,94.0,0.9,1898,MARIE Y PIERRE CURIE,"1s2 2s2 2p6 3s2 3p6 4s2 3d10 4p6 5s2 4d10 5p6 6s2 4f14 5d10 6p6 7s2",[RN] 7s2,RADIO
89,AC,ACTINIUM,,7,227.0,10.07,1049.85,3197.85,0.12,1.1,1899,DEBIERNE,"1s2 2s2 2p6 3s2 3p6 4s2 3d10 4p6 5s2 4d10 5p6 6s2 4f14 5d10 6p6 7s2 6d1",[RN] 7s2 6d1,ACTINIO
90,TH,THORIUM,,7,232.0377,11.72,1841.85,4787.85,113.0,1.3,1829,BERZELIUS,"1s2 2s2 2p6 3s2 3p6 4s2 3d10 4p6 5s2 4d10 5p6 6s2 4f14 5d10 6p6 7s2 6d2",[RN] 7s2 6d2,TORIO
91,PA,PROTACTINIUM,,7,231.03588,15.37,1567.85,4026.85,,1.5,1917,HAHN Y MEITNER,"1s2 2s2 2p6 3s2 3p6 4s2 3d10 4p6 5s2 4d10 5p6 6s2 4f14 5d10 6p6 7s2 5f2 6d1",[RN] 7s2 5f2 6d1,PROTACTINIO
92,U,URANIUM,,7,238.02891,18.95,1132.15,4130.85,116.0,1.38,1789,KLAPROTH,"1s2 2s2 2p6 3s2 3p6 4s2 3d10 4p6 5s2 4d10 5p6 6s2 4f14 5d10 6p6 7s2 5f3 6d1",[RN] 7s2 5f3 6d1,URANIO
93,NP,NEPTUNIUM,,7,237.0,20.45,643.85,3999.85,,1.36,1940,MCMILLAN Y ABELSON,"1s2 2s2 2p6 3s2 3p6 4s2 3d10 4p6 5s2 4d10 5p6 6s2 4f14 5d10 6p6 7s2 5f4 6d1",[RN] 7s2 5f4 6d1,NEPTUNIO
94,PU,PLUTONIUM,,7,244.0,19.84,-268.15,3227.85,,1.28,1940,SEABORG,"1s2 2s2 2p6 3s2 3p6 4s2 3d10 4p6 5s2 4d10 5p6 6s2 4f14 5d10 6p6 7s2 5f6",[RN] 7s2 5f6,PLUTONIO
95,AM,AMERICIUM,,7,243.0,13.69,1175.85,2606.85,,1.13,1944,SEABORG,"1s2 2s2 2p6 3s2 3p6 4s2 3d10 4p6 5s2 4d10 5p6 6s2 4f14 5d10 6p6 7s2 5f7",[RN] 7s2 5f7,AMERICIO
96,CM,CURIUM,,7,247.0,13.51,1339.85,3109.85,,1.28,1944,SEABORG,"1s2 2s2 2p6 3s2 3p6 4s2 3d10 4p6 5s2 4d10 5p6 6s2 4f14 5d10 6p6 7s2 5f7 6d1",[RN] 7s2 5f7 6d1,CURIO
97,BK,BERKELIUM,,7,247.0,14.79,985.85,2626.85,,1.3,1949,SEABORG,"1s2 2s2 2p6 3s2 3p6 4s2 3d10 4p6 5s2 4d10 5p6 6s2 4f14 5d10 6p6 7s2 5f9",[RN] 7s2 5f9,BERKELIO
98,CF,CALIFORNIUM,,7,251.0,15.1,899.85,1469.85,,1.3,1950,SEABORG,"1s2 2s2 2p6 3s2 3p6 4s2 3d10 4p6 5s2 4d10 5p6 6s2 4f14 5d10 6p6 7s2 5f10",[RN] 7s2 5f10,CALIFORNIO
99,ES,EINSTENIUM,,7,252.0,8.84,859.85,995.85,,1.3,1952,SEABORG,"1s2 2s2 2p6 3s2 3p6 4s2 3d10 4p6 5s2 4d10 5p6 6s2 4f14 5d10 6p6 7s2 5f11",[RN] 7s2 5f11,EINSTEINIO
100,FM,FERMIUM,,7,257.0,,851.85,,,1.3,1952,SEABORG,"1s2 2s2 2p6 3s2 3p6 4s2 3d10 4p6 5s2 4d10 5p6 6s2 4f14 5d10 6p6 7s2 5f12",[RN] 7s2 5f12,FERMIO
101,MD,MENDELEVIUM,,7,258.0,,826.85,,,1.3,1955,SEABORG,"1s2 2s2 2p6 3s2 3p6 4s2 3d10 4p6 5s2 4d10 5p6 6s2 4f14 5d10 6p6 7s2 5f13",[RN] 7s2 5f13,MENDELEVIO
102,NO,NOBELIUM,,7,259.0,,826.85,,,1.3,1958,SEABORG,"1s2 2s2 2p6 3s2 3p6 4s2 3d10 4p6 5s2 4d10 5p6 6s2 4f14 5d10 6p6 7s2 5f14",[RN] 7s2 5f14,NOBELIO
103,LR,LAWRENCIUM,3,7,266.0,,1626.85,,,1.3,1961,GHIORSO,"1s2 2s2 2p6 3s2 3p6 4s2 3d10 4p6 5s2 4d10 5p6 6s2 4f14 5d10 6p6 7s2 5f14 7p1",[RN] 7s2 5f14 7p1,LAURENCIO
104,RF,RUTHERFORDIUM,4,7,267.0,23.2,2126.85,5526.85,,,1964,FLEROV,"1s2 2s2 2p6 3s2 3p6 4s2 3d10 4p6 5s2 4d10 5p6 6s2 4f14 5d10 6p6 7s2 5f14 6d2",[RN] 7s2 5f14 6d2,RUTHERFORDIO
105,DB,DUBNIUM,5,7,268.0,29.3,,,,,1967,FLEROV,"1s2 2s2 2p6 3s2 3p6 4s2 3d10 4p6 5s2 4d10 5p6 6s2 4f14 5d10 6p6 7s2 5f14 6d3",[RN] 7s2 5f14 6d3,DUBNIO
106,SG,SEABORGIUM,6,7,269.0,35.0,,,,,1974,FLEROV,"1s2 2s2 2p6 3s2 3p6 4s2 3d10 4p6 5s2 4d10 5p6 6s2 4f14 5d10 6p6 7s2 5f14 6d4",[RN] 7s2 5f14 6d4,SEABORGIO
107,BH,BOHRIUM,7,7,270.0,37.1,,,,,1976,OGANESSIAN,"1s2 2s2 2p6 3s2 3p6 4s2 3d10 4p6 5s2 4d10 5p6 6s2 4f14 5d10 6p6 7s2 5f14 6d5",[RN] 7s2 5f14 6d5,BOHRIO
108,HS,HASSIUM,8,7,269.0,40.7,,,,,1984,GSI (*),"1s2 2s2 2p6 3s2 3p6 4s2 3d10 4p6 5s2 4d10 5p6 6s2 4f14 5d10 6p6 7s2 5f14 6d6",[RN] 7s2 5f14 6d6,HASSIO
109,MT,MEITNERIUM,9,7,278.0,37.4,,,,,1982,GSI,"1s2 2s2 2p6 3s2 3p6 4s2 3d10 4p6 5s2 4d10 5p6 6s2 4f14 5d10 6p6 7s2 5f14 6d7",[RN] 7s2 5f14 6d7,MEITNERIO
110,DS,DARMSTADTIUM,10,7,281.0,34.8,,,,,1994,GSI,"1s2 2s2 2p6 3s2 3p6 4s2 3d10 4p6 5s2 4d10 5p6 6s2 4f14 5d10 6p6 7s1 5f14 6d9",[RN] 7s1 5f14 6d9,DARMSTADTIO
111,RG,ROENTGENIUM,11,7,282.0,28.7,,,,,1994,GSI,"1s2 2s2 2p6 3s2 3p6 4s2 3d10 4p6 5s2 4d10 5p6 6s2 4f14 5d10 6p6 7s1 5f14 6d10",[RN] 7s1 5f14 6d10,ROENTGENIO
112,CN,COPERNICIUM,12,7,285.0,23.7,,83.85,,,1996,GSI,"1s2 2s2 2p6 3s2 3p6 4s2 3d10 4p6 5s2 4d10 5p6 6s2 4f14 5d10 6p6 7s2 5f14 6d10",[RN] 7s2 5f14 6d10,COPERNICIO
113,NH,NIHONIUM,13,7,286.0,16.0,426.85,1126.85,,,2004,LABORATORIO RIKEN,"1s2 2s2 2p6 3s2 3p6 4s2 3d10 4p6 5s2 4d10 5p6 6s2 4f14 5d10 6p6 7s2 5f14 6d10 7p1",[RN] 7s2 5f14 6d10 7p1,NIHONIO
114,FL,FLEROVIUM,14,7,289.0,14.0,66.85,146.85,,,1999,JINR,"1s2 2s2 2p6 3s2 3p6 4s2 3d10 4p6 5s2 4d10 5p6 6s2 4f14 5d10 6p6 7s2 5f14 6d10 7p2",[RN] 7s2 5f14 6d10 7p2,FLEROVIO
115,MC,MOSCOVIUM,15,7,289.0,13.5,426.85,1126.85,,,2004,JINR,"1s2 2s2 2p6 3s2 3p6 4s2 3d10 4p6 5s2 4d10 5p6 6s2 4f14 5d10 6p6 7s2 5f14 6d10 7p3",[RN] 7s2 5f14 6d10 7p3,MOSCOVIO
116,LV,LIVERMORIUM,16,7,293.0,12.9,435.35,811.85,,,2006,"JINR, LLNL","1s2 2s2 2p6 3s2 3p6 4s2 3d10 4p6 5s2 4d10 5p6 6s2 4f14 5d10 6p6 7s2 5f14 6d10 7p4",[RN] 7s2 5f14 6d10 7p4,LIVERMORIO
117,TS,TENNESSINE,17,7,294.0,7.2,449.85,609.85,,,2009,JINR,"1s2 2s2 2p6 3s2 3p6 4s2 3d10 4p6 5s2 4d10 5p6 6s2 4f14 5d10 6p6 7s2 5f14 6d10 7p5",[RN] 7s2 5f14 6d10 7p5,TENESO
118,OG,OGANESSON,18,7,294.0,5.0,-15.15,-10.15,,,2006,"JINR, LLNL","1s2 2s2 2p6 3s2 3p6 4s2 3d10 4p6 5s2 4d10 5p6 6s2 4f14 5d10 6p6 7s2 5f14 6d10 7p6",[RN] 7s2 5f14 6d10 7p6,OGANESON
